<?xml version="1.0" encoding="UTF-8" standalone="no"?>
<Entities>
    <ExtensionPackages>
        <ExtensionPackage dependsOn="" description="" minimumThingWorxVersion="6.6.5" name="parsley" packageVersion="2.2.8" vendor="Thingworx Labs">
            <JarResources>
                <FileResource description="Parsley - A Parsing Library" file="parsley.jar" type="JAR"/>
                <FileResource description="" file="xlsx-streamer-1.2.1.jar" type="JAR"/>
                <FileResource description="" file="poi-ooxml-schemas-3.17.jar" type="JAR"/>
                <FileResource description="" file="poi-ooxml-3.17.jar" type="JAR"/>
                <FileResource description="" file="xerces2-xsd11-2.11.1.jar" type="JAR"/>
                <FileResource description="" file="xml-apis-1.4.01.jar" type="JAR"/>
                <FileResource description="" file="poi-3.17.jar" type="JAR"/>
                <FileResource description="" file="xmlbeans-2.6.0.jar" type="JAR"/>
                <FileResource description="" file="curvesapi-1.04.jar" type="JAR"/>
            </JarResources>
        </ExtensionPackage>
    </ExtensionPackages>
    <Resources>
        <Resource aspect.isCreatable="false" aspect.isEditableExtensionObject="false" className="com.thingworx.resources.parsley.Parsley" description="" name="Parsley"/>
    </Resources>
</Entities>
